<?xml version="1.0" encoding="UTF-8"?>
<metadata xml:lang="en"><Esri><CreaDate>20150707</CreaDate><CreaTime>11494400</CreaTime><ArcGISFormat>1.0</ArcGISFormat><SyncOnce>TRUE</SyncOnce><DataProperties><itemProps><itemLocation><linkage Sync="TRUE">file://\\GIS2\D$\GIS2_Datos\GIS\Shapefiles\Species programme\Butterflies\Butterflies Richness Analysis\Endemics\Final maps\Endemic_richness_count_hex</linkage><protocol Sync="TRUE">Local Area Network</protocol></itemLocation></itemProps><copyHistory><copy source="D:\GIS2_Datos\GIS\Shapefiles\Species programme\Butterflies\Butterflies Richness Analysis\Endemics\Endemic_richness_count_hex" dest="\\GIS2\D$\GIS2_Datos\GIS\Shapefiles\Species programme\Butterflies\Butterflies Richness Analysis\Endemics\Final maps\Endemic_richness_count_hex" date="20150707" time="11494400"></copy></copyHistory></DataProperties></Esri></metadata>
