<?xml version="1.0" encoding="UTF-8"?>
<metadata xml:lang="en"><Esri><CreaDate>20150707</CreaDate><CreaTime>12233600</CreaTime><ArcGISFormat>1.0</ArcGISFormat><SyncOnce>TRUE</SyncOnce><DataProperties><itemProps><itemLocation><linkage Sync="TRUE">file://\\GIS2\D$\GIS2_Datos\GIS\Shapefiles\Species programme\Butterflies\Butterflies Richness Analysis\Threatened\Final maps\Theatened_richness_count</linkage><protocol Sync="TRUE">Local Area Network</protocol></itemLocation></itemProps><copyHistory><copy source="D:\GIS2_Datos\GIS\Shapefiles\Species programme\Butterflies\Butterflies Richness Analysis\Threatened\Theatened_richness_count" dest="\\GIS2\D$\GIS2_Datos\GIS\Shapefiles\Species programme\Butterflies\Butterflies Richness Analysis\Threatened\Final maps\Theatened_richness_count" date="20150707" time="12233600"></copy></copyHistory></DataProperties></Esri></metadata>
